"Country","Year","Crop Name","Crop Production (UOM:t(Tonnes))","Yield Of Crops (UOM:Kg/Ha(KilogramperHectare))","Area Under Cultivation (UOM:Ha(Hectares))"
"India","Financial Year (Apr - Mar), 1950","CoarseCereals","154","408","377"
"India","Financial Year (Apr - Mar), 1950","Coffee","","",""
"India","Financial Year (Apr - Mar), 1950","CottonLint","30","88","58.8"
"India","Financial Year (Apr - Mar), 1950","Groundnut","35","775","44.9"
"India","Financial Year (Apr - Mar), 1950","Pulses","84","441","191"
"India","Financial Year (Apr - Mar), 1950","RapeseedMustard","8","368","20.7"
"India","Financial Year (Apr - Mar), 1950","RawJuteMesta","33","1043","5.7"
"India","Financial Year (Apr - Mar), 1950","Rice","206","668","308"
"India","Financial Year (Apr - Mar), 1950","Soyabean","","",""
"India","Financial Year (Apr - Mar), 1950","Sugarcane","571","33422","17.1"
"India","Financial Year (Apr - Mar), 1950","Tea","","",""
"India","Financial Year (Apr - Mar), 1950","Tobacco","3","731","3.6"
"India","Financial Year (Apr - Mar), 1950","Wheat","65","663","98"
"India","Financial Year (Apr - Mar), 1951","CoarseCereals","161","414","389"
"India","Financial Year (Apr - Mar), 1951","Coffee","","",""
"India","Financial Year (Apr - Mar), 1951","CottonLint","33","85","65.6"
"India","Financial Year (Apr - Mar), 1951","Groundnut","32","649","49.2"
"India","Financial Year (Apr - Mar), 1951","Pulses","84","448","188"
"India","Financial Year (Apr - Mar), 1951","RapeseedMustard","9","393","24"
"India","Financial Year (Apr - Mar), 1951","RawJuteMesta","47","1074","7.9"
"India","Financial Year (Apr - Mar), 1951","Rice","213","714","298"
"India","Financial Year (Apr - Mar), 1951","Soyabean","","",""
"India","Financial Year (Apr - Mar), 1951","Sugarcane","616","31786","19.4"
"India","Financial Year (Apr - Mar), 1951","Tea","","",""
"India","Financial Year (Apr - Mar), 1951","Tobacco","2","723","2.9"
"India","Financial Year (Apr - Mar), 1951","Wheat","62","653","95"
"India","Financial Year (Apr - Mar), 1952","CoarseCereals","196","462","425"
"India","Financial Year (Apr - Mar), 1952","Coffee","","",""
"India","Financial Year (Apr - Mar), 1952","CottonLint","33","89","63.6"
"India","Financial Year (Apr - Mar), 1952","Groundnut","29","611","48"
"India","Financial Year (Apr - Mar), 1952","Pulses","92","463","198"
"India","Financial Year (Apr - Mar), 1952","RapeseedMustard","9","408","21.1"
"India","Financial Year (Apr - Mar), 1952","RawJuteMesta","53","1028","9.3"
"India","Financial Year (Apr - Mar), 1952","Rice","229","764","300"
"India","Financial Year (Apr - Mar), 1952","Soyabean","","",""
"India","Financial Year (Apr - Mar), 1952","Sugarcane","510","29495","17.3"
"India","Financial Year (Apr - Mar), 1952","Tea","","",""
"India","Financial Year (Apr - Mar), 1952","Tobacco","3","675","3.6"
"India","Financial Year (Apr - Mar), 1952","Wheat","75","763","98"
"India","Financial Year (Apr - Mar), 1953","CoarseCereals","230","506","454"
"India","Financial Year (Apr - Mar), 1953","Coffee","","",""
"India","Financial Year (Apr - Mar), 1953","CottonLint","41","100","69.9"
"India","Financial Year (Apr - Mar), 1953","Groundnut","35","811","42.5"
"India","Financial Year (Apr - Mar), 1953","Pulses","106","489","217"
"India","Financial Year (Apr - Mar), 1953","RapeseedMustard","9","389","22.4"
"India","Financial Year (Apr - Mar), 1953","RawJuteMesta","38","992","6.8"
"India","Financial Year (Apr - Mar), 1953","Rice","282","902","313"
"India","Financial Year (Apr - Mar), 1953","Soyabean","","",""
"India","Financial Year (Apr - Mar), 1953","Sugarcane","444","31497","14.1"
"India","Financial Year (Apr - Mar), 1953","Tea","","",""
"India","Financial Year (Apr - Mar), 1953","Tobacco","3","737","3.7"
"India","Financial Year (Apr - Mar), 1953","Wheat","80","750","107"
"India","Financial Year (Apr - Mar), 1954","CoarseCereals","228","520","439"
"India","Financial Year (Apr - Mar), 1954","Coffee","","",""
"India","Financial Year (Apr - Mar), 1954","CottonLint","45","100","75.5"
"India","Financial Year (Apr - Mar), 1954","Groundnut","43","766","55.4"
"India","Financial Year (Apr - Mar), 1954","Pulses","110","500","219"
"India","Financial Year (Apr - Mar), 1954","RapeseedMustard","10","425","24.4"
"India","Financial Year (Apr - Mar), 1954","RawJuteMesta","39","1021","6.8"
"India","Financial Year (Apr - Mar), 1954","Rice","252","820","308"
"India","Financial Year (Apr - Mar), 1954","Soyabean","","",""
"India","Financial Year (Apr - Mar), 1954","Sugarcane","587","36303","16.2"
"India","Financial Year (Apr - Mar), 1954","Tea","","",""
"India","Financial Year (Apr - Mar), 1954","Tobacco","3","737","3.5"
"India","Financial Year (Apr - Mar), 1954","Wheat","90","803","113"
"India","Financial Year (Apr - Mar), 1955","CoarseCereals","195","449","435"
"India","Financial Year (Apr - Mar), 1955","Coffee","","",""
"India","Financial Year (Apr - Mar), 1955","CottonLint","42","88","80.9"
"India","Financial Year (Apr - Mar), 1955","Groundnut","39","752","51.3"
"India","Financial Year (Apr - Mar), 1955","Pulses","110","476","232"
"India","Financial Year (Apr - Mar), 1955","RapeseedMustard","9","336","25.6"
"India","Financial Year (Apr - Mar), 1955","RawJuteMesta","54","1038","9.4"
"India","Financial Year (Apr - Mar), 1955","Rice","276","874","315"
"India","Financial Year (Apr - Mar), 1955","Soyabean","","",""
"India","Financial Year (Apr - Mar), 1955","Sugarcane","605","32779","18.5"
"India","Financial Year (Apr - Mar), 1955","Tea","","",""
"India","Financial Year (Apr - Mar), 1955","Tobacco","3","739","4.1"
"India","Financial Year (Apr - Mar), 1955","Wheat","88","708","124"
"India","Financial Year (Apr - Mar), 1956","CoarseCereals","199","473","420"
"India","Financial Year (Apr - Mar), 1956","Coffee","","",""
"India","Financial Year (Apr - Mar), 1956","CottonLint","49","104","80.2"
"India","Financial Year (Apr - Mar), 1956","Groundnut","44","783","55.3"
"India","Financial Year (Apr - Mar), 1956","Pulses","116","495","233"
"India","Financial Year (Apr - Mar), 1956","RapeseedMustard","10","411","25.4"
"India","Financial Year (Apr - Mar), 1956","RawJuteMesta","58","977","10.7"
"India","Financial Year (Apr - Mar), 1956","Rice","290","900","323"
"India","Financial Year (Apr - Mar), 1956","Soyabean","","",""
"India","Financial Year (Apr - Mar), 1956","Sugarcane","691","33683","20.5"
"India","Financial Year (Apr - Mar), 1956","Tea","","",""
"India","Financial Year (Apr - Mar), 1956","Tobacco","3","728","4.2"
"India","Financial Year (Apr - Mar), 1956","Wheat","94","695","135"
"India","Financial Year (Apr - Mar), 1957","CoarseCereals","212","495","429"
"India","Financial Year (Apr - Mar), 1957","Coffee","","",""
"India","Financial Year (Apr - Mar), 1957","CottonLint","50","105","80.1"
"India","Financial Year (Apr - Mar), 1957","Groundnut","47","734","64.2"
"India","Financial Year (Apr - Mar), 1957","Pulses","96","424","225"
"India","Financial Year (Apr - Mar), 1957","RapeseedMustard","9","387","24.1"
"India","Financial Year (Apr - Mar), 1957","RawJuteMesta","53","944","10.2"
"India","Financial Year (Apr - Mar), 1957","Rice","255","790","323"
"India","Financial Year (Apr - Mar), 1957","Soyabean","","",""
"India","Financial Year (Apr - Mar), 1957","Sugarcane","712","34325","20.7"
"India","Financial Year (Apr - Mar), 1957","Tea","","",""
"India","Financial Year (Apr - Mar), 1957","Tobacco","2","669","3.6"
"India","Financial Year (Apr - Mar), 1957","Wheat","80","682","117"
"India","Financial Year (Apr - Mar), 1958","CoarseCereals","232","519","447"
"India","Financial Year (Apr - Mar), 1958","Coffee","","",""
"India","Financial Year (Apr - Mar), 1958","CottonLint","49","104","79.6"
"India","Financial Year (Apr - Mar), 1958","Groundnut","52","828","62.5"
"India","Financial Year (Apr - Mar), 1958","Pulses","132","541","243"
"India","Financial Year (Apr - Mar), 1958","RapeseedMustard","10","426","24.5"
"India","Financial Year (Apr - Mar), 1958","RawJuteMesta","69","1130","11"
"India","Financial Year (Apr - Mar), 1958","Rice","309","930","332"
"India","Financial Year (Apr - Mar), 1958","Soyabean","","",""
"India","Financial Year (Apr - Mar), 1958","Sugarcane","734","37658","19.5"
"India","Financial Year (Apr - Mar), 1958","Tea","","",""
"India","Financial Year (Apr - Mar), 1958","Tobacco","3","836","3.8"
"India","Financial Year (Apr - Mar), 1958","Wheat","100","789","126"
"India","Financial Year (Apr - Mar), 1959","CoarseCereals","229","522","438"
"India","Financial Year (Apr - Mar), 1959","Coffee","","",""
"India","Financial Year (Apr - Mar), 1959","CottonLint","37","86","73"
"India","Financial Year (Apr - Mar), 1959","Groundnut","46","708","64.4"
"India","Financial Year (Apr - Mar), 1959","Pulses","118","475","248"
"India","Financial Year (Apr - Mar), 1959","RapeseedMustard","11","365","29.1"
"India","Financial Year (Apr - Mar), 1959","RawJuteMesta","57","1049","9.8"
"India","Financial Year (Apr - Mar), 1959","Rice","317","937","338"
"India","Financial Year (Apr - Mar), 1959","Soyabean","","",""
"India","Financial Year (Apr - Mar), 1959","Sugarcane","778","36414","21.4"
"India","Financial Year (Apr - Mar), 1959","Tea","","",""
"India","Financial Year (Apr - Mar), 1959","Tobacco","3","716","4.1"
"India","Financial Year (Apr - Mar), 1959","Wheat","103","772","134"
"India","Financial Year (Apr - Mar), 1960","CoarseCereals","237","528","450"
"India","Financial Year (Apr - Mar), 1960","Coffee","","",""
"India","Financial Year (Apr - Mar), 1960","CottonLint","56","125","76.1"
"India","Financial Year (Apr - Mar), 1960","Groundnut","48","745","64.6"
"India","Financial Year (Apr - Mar), 1960","Pulses","127","539","236"
"India","Financial Year (Apr - Mar), 1960","RapeseedMustard","14","467","28.8"
"India","Financial Year (Apr - Mar), 1960","RawJuteMesta","53","1049","9"
"India","Financial Year (Apr - Mar), 1960","Rice","346","1013","341"
"India","Financial Year (Apr - Mar), 1960","Soyabean","","",""
"India","Financial Year (Apr - Mar), 1960","Sugarcane","1100","45549","24.2"
"India","Financial Year (Apr - Mar), 1960","Tea","","",""
"India","Financial Year (Apr - Mar), 1960","Tobacco","3","766","4"
"India","Financial Year (Apr - Mar), 1960","Wheat","110","851","129"
"India","Financial Year (Apr - Mar), 1961","CoarseCereals","232","519","447"
"India","Financial Year (Apr - Mar), 1961","Coffee","","",""
"India","Financial Year (Apr - Mar), 1961","CottonLint","49","103","79.8"
"India","Financial Year (Apr - Mar), 1961","Groundnut","50","725","68.9"
"India","Financial Year (Apr - Mar), 1961","Pulses","118","485","242"
"India","Financial Year (Apr - Mar), 1961","RapeseedMustard","14","425","31.7"
"India","Financial Year (Apr - Mar), 1961","RawJuteMesta","82","1104","13.4"
"India","Financial Year (Apr - Mar), 1961","Rice","357","1028","347"
"India","Financial Year (Apr - Mar), 1961","Soyabean","","",""
"India","Financial Year (Apr - Mar), 1961","Sugarcane","1040","42349","24.6"
"India","Financial Year (Apr - Mar), 1961","Tea","","",""
"India","Financial Year (Apr - Mar), 1961","Tobacco","3","811","4.2"
"India","Financial Year (Apr - Mar), 1961","Wheat","121","890","136"
"India","Financial Year (Apr - Mar), 1962","CoarseCereals","246","556","443"
"India","Financial Year (Apr - Mar), 1962","Coffee","","",""
"India","Financial Year (Apr - Mar), 1962","CottonLint","55","122","77.3"
"India","Financial Year (Apr - Mar), 1962","Groundnut","51","695","72.8"
"India","Financial Year (Apr - Mar), 1962","Pulses","115","475","243"
"India","Financial Year (Apr - Mar), 1962","RapeseedMustard","13","417","31.3"
"India","Financial Year (Apr - Mar), 1962","RawJuteMesta","72","1041","12.4"
"India","Financial Year (Apr - Mar), 1962","Rice","332","931","357"
"India","Financial Year (Apr - Mar), 1962","Soyabean","","",""
"India","Financial Year (Apr - Mar), 1962","Sugarcane","919","40996","22.4"
"India","Financial Year (Apr - Mar), 1962","Tea","","",""
"India","Financial Year (Apr - Mar), 1962","Tobacco","3","842","4.1"
"India","Financial Year (Apr - Mar), 1962","Wheat","108","793","136"
"India","Financial Year (Apr - Mar), 1963","CoarseCereals","237","540","439"
"India","Financial Year (Apr - Mar), 1963","Coffee","","",""
"India","Financial Year (Apr - Mar), 1963","CottonLint","58","119","82.2"
"India","Financial Year (Apr - Mar), 1963","Groundnut","53","769","68.9"
"India","Financial Year (Apr - Mar), 1963","Pulses","101","416","242"
"India","Financial Year (Apr - Mar), 1963","RapeseedMustard","9","300","30.5"
"India","Financial Year (Apr - Mar), 1963","RawJuteMesta","80","1130","12.7"
"India","Financial Year (Apr - Mar), 1963","Rice","370","1033","358"
"India","Financial Year (Apr - Mar), 1963","Soyabean","","",""
"India","Financial Year (Apr - Mar), 1963","Sugarcane","1042","46353","22.5"
"India","Financial Year (Apr - Mar), 1963","Tea","","",""
"India","Financial Year (Apr - Mar), 1963","Tobacco","4","817","4.4"
"India","Financial Year (Apr - Mar), 1963","Wheat","99","730","135"
"India","Financial Year (Apr - Mar), 1964","CoarseCereals","254","514","444"
"India","Financial Year (Apr - Mar), 1964","Coffee","","",""
"India","Financial Year (Apr - Mar), 1964","CottonLint","60","122","83.7"
"India","Financial Year (Apr - Mar), 1964","Groundnut","60","814","73.8"
"India","Financial Year (Apr - Mar), 1964","Pulses","124","520","239"
"India","Financial Year (Apr - Mar), 1964","RapeseedMustard","15","507","29.1"
"India","Financial Year (Apr - Mar), 1964","RawJuteMesta","77","1136","12.1"
"India","Financial Year (Apr - Mar), 1964","Rice","393","1078","365"
"India","Financial Year (Apr - Mar), 1964","Soyabean","","",""
"India","Financial Year (Apr - Mar), 1964","Sugarcane","1219","46838","26"
"India","Financial Year (Apr - Mar), 1964","Tea","","",""
"India","Financial Year (Apr - Mar), 1964","Tobacco","4","876","4.1"
"India","Financial Year (Apr - Mar), 1964","Wheat","123","913","134"
"India","Financial Year (Apr - Mar), 1965","CoarseCereals","214","483","443"
"India","Financial Year (Apr - Mar), 1965","Coffee","","",""
"India","Financial Year (Apr - Mar), 1965","CottonLint","49","104","79.6"
"India","Financial Year (Apr - Mar), 1965","Groundnut","43","554","77"
"India","Financial Year (Apr - Mar), 1965","Pulses","99","438","227"
"India","Financial Year (Apr - Mar), 1965","RapeseedMustard","13","446","29.1"
"India","Financial Year (Apr - Mar), 1965","RawJuteMesta","58","936","11.1"
"India","Financial Year (Apr - Mar), 1965","Rice","306","862","355"
"India","Financial Year (Apr - Mar), 1965","Soyabean","","",""
"India","Financial Year (Apr - Mar), 1965","Sugarcane","1240","43717","28.4"
"India","Financial Year (Apr - Mar), 1965","Tea","","",""
"India","Financial Year (Apr - Mar), 1965","Tobacco","3","778","3.8"
"India","Financial Year (Apr - Mar), 1965","Wheat","104","827","126"
"India","Financial Year (Apr - Mar), 1966","CoarseCereals","241","533","451"
"India","Financial Year (Apr - Mar), 1966","Coffee","","",""
"India","Financial Year (Apr - Mar), 1966","CottonLint","53","114","78.4"
"India","Financial Year (Apr - Mar), 1966","Groundnut","44","604","73"
"India","Financial Year (Apr - Mar), 1966","Pulses","84","377","221"
"India","Financial Year (Apr - Mar), 1966","RapeseedMustard","12","408","30.1"
"India","Financial Year (Apr - Mar), 1966","RawJuteMesta","66","1058","11.2"
"India","Financial Year (Apr - Mar), 1966","Rice","304","863","353"
"India","Financial Year (Apr - Mar), 1966","Soyabean","","",""
"India","Financial Year (Apr - Mar), 1966","Sugarcane","928","40336","23"
"India","Financial Year (Apr - Mar), 1966","Tea","","",""
"India","Financial Year (Apr - Mar), 1966","Tobacco","4","834","4.2"
"India","Financial Year (Apr - Mar), 1966","Wheat","114","887","128"
"India","Financial Year (Apr - Mar), 1967","CoarseCereals","288","608","473"
"India","Financial Year (Apr - Mar), 1967","Coffee","","",""
"India","Financial Year (Apr - Mar), 1967","CottonLint","58","123","80"
"India","Financial Year (Apr - Mar), 1967","Groundnut","57","759","75.5"
"India","Financial Year (Apr - Mar), 1967","Pulses","121","534","227"
"India","Financial Year (Apr - Mar), 1967","RapeseedMustard","16","483","32.4"
"India","Financial Year (Apr - Mar), 1967","RawJuteMesta","76","1137","12"
"India","Financial Year (Apr - Mar), 1967","Rice","376","1032","364"
"India","Financial Year (Apr - Mar), 1967","Soyabean","","",""
"India","Financial Year (Apr - Mar), 1967","Sugarcane","955","40665","20.5"
"India","Financial Year (Apr - Mar), 1967","Tea","","",""
"India","Financial Year (Apr - Mar), 1967","Tobacco","4","871","4.2"
"India","Financial Year (Apr - Mar), 1967","Wheat","165","1103","150"
"India","Financial Year (Apr - Mar), 1968","CoarseCereals","252","545","462"
"India","Financial Year (Apr - Mar), 1968","Coffee","","",""
"India","Financial Year (Apr - Mar), 1968","CottonLint","55","122","76"
"India","Financial Year (Apr - Mar), 1968","Groundnut","46","653","70.9"
"India","Financial Year (Apr - Mar), 1968","Pulses","104","490","213"
"India","Financial Year (Apr - Mar), 1968","RapeseedMustard","14","469","28.7"
"India","Financial Year (Apr - Mar), 1968","RawJuteMesta","38","855","8.1"
"India","Financial Year (Apr - Mar), 1968","Rice","398","1076","370"
"India","Financial Year (Apr - Mar), 1968","Soyabean","","",""
"India","Financial Year (Apr - Mar), 1968","Sugarcane","1247","49236","25.3"
"India","Financial Year (Apr - Mar), 1968","Tea","","",""
"India","Financial Year (Apr - Mar), 1968","Tobacco","4","821","4.4"
"India","Financial Year (Apr - Mar), 1968","Wheat","187","1169","160"
"India","Financial Year (Apr - Mar), 1969","CoarseCereals","273","578","472"
"India","Financial Year (Apr - Mar), 1969","Coffee","","",""
"India","Financial Year (Apr - Mar), 1969","CottonLint","56","122","77.3"
"India","Financial Year (Apr - Mar), 1969","Groundnut","51","720","71.3"
"India","Financial Year (Apr - Mar), 1969","Pulses","117","531","220"
"India","Financial Year (Apr - Mar), 1969","RapeseedMustard","16","493","31.7"
"India","Financial Year (Apr - Mar), 1969","RawJuteMesta","68","1120","10.9"
"India","Financial Year (Apr - Mar), 1969","Rice","404","1073","377"
"India","Financial Year (Apr - Mar), 1969","Soyabean","","",""
"India","Financial Year (Apr - Mar), 1969","Sugarcane","1350","49121","27.5"
"India","Financial Year (Apr - Mar), 1969","Tea","","",""
"India","Financial Year (Apr - Mar), 1969","Tobacco","3","770","4.4"
"India","Financial Year (Apr - Mar), 1969","Wheat","201","1208","166"
"India","Financial Year (Apr - Mar), 1970","CoarseCereals","306","665","460"
"India","Financial Year (Apr - Mar), 1970","Coffee","1102","814","1.4"
"India","Financial Year (Apr - Mar), 1970","CottonLint","48","106","76.1"
"India","Financial Year (Apr - Mar), 1970","Groundnut","61","834","73.3"
"India","Financial Year (Apr - Mar), 1970","Pulses","118","524","225"
"India","Financial Year (Apr - Mar), 1970","RapeseedMustard","20","594","33.2"
"India","Financial Year (Apr - Mar), 1970","RawJuteMesta","62","1032","10.8"
"India","Financial Year (Apr - Mar), 1970","Rice","422","1123","376"
"India","Financial Year (Apr - Mar), 1970","Soyabean","0","426","0.3"
"India","Financial Year (Apr - Mar), 1970","Sugarcane","1264","48322","26.2"
"India","Financial Year (Apr - Mar), 1970","Tea","4190","1182","3.5"
"India","Financial Year (Apr - Mar), 1970","Tobacco","4","810","4.5"
"India","Financial Year (Apr - Mar), 1970","Wheat","238","1307","182"
"India","Financial Year (Apr - Mar), 1971","CoarseCereals","246","564","436"
"India","Financial Year (Apr - Mar), 1971","Coffee","690","498","1.4"
"India","Financial Year (Apr - Mar), 1971","CottonLint","70","151","78"
"India","Financial Year (Apr - Mar), 1971","Groundnut","62","823","75.1"
"India","Financial Year (Apr - Mar), 1971","Pulses","111","501","222"
"India","Financial Year (Apr - Mar), 1971","RapeseedMustard","14","396","36.1"
"India","Financial Year (Apr - Mar), 1971","RawJuteMesta","68","1107","11.1"
"India","Financial Year (Apr - Mar), 1971","Rice","431","1141","378"
"India","Financial Year (Apr - Mar), 1971","Soyabean","0","426","0.3"
"India","Financial Year (Apr - Mar), 1971","Sugarcane","1136","47511","23.9"
"India","Financial Year (Apr - Mar), 1971","Tea","4350","1221","3.6"
"India","Financial Year (Apr - Mar), 1971","Tobacco","4","914","4.6"
"India","Financial Year (Apr - Mar), 1971","Wheat","264","1380","191"
"India","Financial Year (Apr - Mar), 1972","CoarseCereals","231","548","422"
"India","Financial Year (Apr - Mar), 1972","Coffee","911","620","1.5"
"India","Financial Year (Apr - Mar), 1972","CottonLint","57","127","76.8"
"India","Financial Year (Apr - Mar), 1972","Groundnut","41","585","69.9"
"India","Financial Year (Apr - Mar), 1972","Pulses","99","474","209"
"India","Financial Year (Apr - Mar), 1972","RapeseedMustard","18","545","33.2"
"India","Financial Year (Apr - Mar), 1972","RawJuteMesta","61","1104","9.9"
"India","Financial Year (Apr - Mar), 1972","Rice","392","1070","367"
"India","Financial Year (Apr - Mar), 1972","Soyabean","0","819","0.3"
"India","Financial Year (Apr - Mar), 1972","Sugarcane","1249","50933","24.5"
"India","Financial Year (Apr - Mar), 1972","Tea","4560","1271","3.6"
"India","Financial Year (Apr - Mar), 1972","Tobacco","4","837","4.5"
"India","Financial Year (Apr - Mar), 1972","Wheat","247","1271","195"
"India","Financial Year (Apr - Mar), 1973","CoarseCereals","288","623","462"
"India","Financial Year (Apr - Mar), 1973","Coffee","864","555","1.6"
"India","Financial Year (Apr - Mar), 1973","CottonLint","63","142","75.7"
"India","Financial Year (Apr - Mar), 1973","Groundnut","59","845","70.2"
"India","Financial Year (Apr - Mar), 1973","Pulses","100","427","234"
"India","Financial Year (Apr - Mar), 1973","RapeseedMustard","17","493","34.6"
"India","Financial Year (Apr - Mar), 1973","RawJuteMesta","77","1188","11.6"
"India","Financial Year (Apr - Mar), 1973","Rice","441","1151","383"
"India","Financial Year (Apr - Mar), 1973","Soyabean","0","829","0.5"
"India","Financial Year (Apr - Mar), 1973","Sugarcane","1408","51163","27.5"
"India","Financial Year (Apr - Mar), 1973","Tea","4720","1311","3.6"
"India","Financial Year (Apr - Mar), 1973","Tobacco","5","1001","4.6"
"India","Financial Year (Apr - Mar), 1973","Wheat","218","1172","186"
"India","Financial Year (Apr - Mar), 1974","CoarseCereals","261","606","432"
"India","Financial Year (Apr - Mar), 1974","Coffee","925","592","1.6"
"India","Financial Year (Apr - Mar), 1974","CottonLint","72","161","75.6"
"India","Financial Year (Apr - Mar), 1974","Groundnut","51","724","70.6"
"India","Financial Year (Apr - Mar), 1974","Pulses","100","455","220"
"India","Financial Year (Apr - Mar), 1974","RapeseedMustard","23","612","36.8"
"India","Financial Year (Apr - Mar), 1974","RawJuteMesta","58","1068","9.8"
"India","Financial Year (Apr - Mar), 1974","Rice","396","1045","379"
"India","Financial Year (Apr - Mar), 1974","Soyabean","1","768","0.7"
"India","Financial Year (Apr - Mar), 1974","Sugarcane","1443","49855","28.9"
"India","Financial Year (Apr - Mar), 1974","Tea","4890","1353","3.6"
"India","Financial Year (Apr - Mar), 1974","Tobacco","4","954","3.8"
"India","Financial Year (Apr - Mar), 1974","Wheat","241","1338","180"
"India","Financial Year (Apr - Mar), 1975","CoarseCereals","304","694","438"
"India","Financial Year (Apr - Mar), 1975","Coffee","840","490","1.7"
"India","Financial Year (Apr - Mar), 1975","CottonLint","60","138","73.5"
"India","Financial Year (Apr - Mar), 1975","Groundnut","68","935","72.2"
"India","Financial Year (Apr - Mar), 1975","Pulses","130","533","245"
"India","Financial Year (Apr - Mar), 1975","RapeseedMustard","19","580","33.4"
"India","Financial Year (Apr - Mar), 1975","RawJuteMesta","59","1164","9.1"
"India","Financial Year (Apr - Mar), 1975","Rice","487","1235","395"
"India","Financial Year (Apr - Mar), 1975","Soyabean","1","975","0.9"
"India","Financial Year (Apr - Mar), 1975","Sugarcane","1406","50903","27.6"
"India","Financial Year (Apr - Mar), 1975","Tea","4870","1341","3.6"
"India","Financial Year (Apr - Mar), 1975","Tobacco","4","950","3.7"
"India","Financial Year (Apr - Mar), 1975","Wheat","288","1410","205"
"India","Financial Year (Apr - Mar), 1976","CoarseCereals","289","689","419"
"India","Financial Year (Apr - Mar), 1976","Coffee","1023","712","1.4"
"India","Financial Year (Apr - Mar), 1976","CottonLint","58","144","68.9"
"India","Financial Year (Apr - Mar), 1976","Groundnut","53","747","70.4"
"India","Financial Year (Apr - Mar), 1976","Pulses","114","494","230"
"India","Financial Year (Apr - Mar), 1976","RapeseedMustard","16","496","31.3"
"India","Financial Year (Apr - Mar), 1976","RawJuteMesta","71","1173","10.9"
"India","Financial Year (Apr - Mar), 1976","Rice","419","1089","385"
"India","Financial Year (Apr - Mar), 1976","Soyabean","1","988","1.3"
"India","Financial Year (Apr - Mar), 1976","Sugarcane","1530","53383","28.7"
"India","Financial Year (Apr - Mar), 1976","Tea","5120","1407","3.6"
"India","Financial Year (Apr - Mar), 1976","Tobacco","4","969","4.3"
"India","Financial Year (Apr - Mar), 1976","Wheat","290","1387","209"
"India","Financial Year (Apr - Mar), 1977","CoarseCereals","300","710","423"
"India","Financial Year (Apr - Mar), 1977","Coffee","1251","840","1.5"
"India","Financial Year (Apr - Mar), 1977","CottonLint","72","157","78.7"
"India","Financial Year (Apr - Mar), 1977","Groundnut","61","866","70.3"
"India","Financial Year (Apr - Mar), 1977","Pulses","120","510","235"
"India","Financial Year (Apr - Mar), 1977","RapeseedMustard","17","460","35.8"
"India","Financial Year (Apr - Mar), 1977","RawJuteMesta","72","1108","11.6"
"India","Financial Year (Apr - Mar), 1977","Rice","527","1308","403"
"India","Financial Year (Apr - Mar), 1977","Soyabean","2","940","2"
"India","Financial Year (Apr - Mar), 1977","Sugarcane","1770","56160","31.5"
"India","Financial Year (Apr - Mar), 1977","Tea","5560","1519","3.7"
"India","Financial Year (Apr - Mar), 1977","Tobacco","5","979","5"
"India","Financial Year (Apr - Mar), 1977","Wheat","318","1480","215"
"India","Financial Year (Apr - Mar), 1978","CoarseCereals","304","721","422"
"India","Financial Year (Apr - Mar), 1978","Coffee","1105","706","1.6"
"India","Financial Year (Apr - Mar), 1978","CottonLint","80","167","81.2"
"India","Financial Year (Apr - Mar), 1978","Groundnut","62","835","74.3"
"India","Financial Year (Apr - Mar), 1978","Pulses","122","515","237"
"India","Financial Year (Apr - Mar), 1978","RapeseedMustard","19","525","35.4"
"India","Financial Year (Apr - Mar), 1978","RawJuteMesta","83","1186","12.7"
"India","Financial Year (Apr - Mar), 1978","Rice","538","1328","405"
"India","Financial Year (Apr - Mar), 1978","Soyabean","3","975","3.1"
"India","Financial Year (Apr - Mar), 1978","Sugarcane","1517","49114","30.9"
"India","Financial Year (Apr - Mar), 1978","Tea","5640","1528","3.7"
"India","Financial Year (Apr - Mar), 1978","Tobacco","5","1109","4.1"
"India","Financial Year (Apr - Mar), 1978","Wheat","355","1568","226"
"India","Financial Year (Apr - Mar), 1979","CoarseCereals","270","652","414"
"India","Financial Year (Apr - Mar), 1979","Coffee","1498","889","1.7"
"India","Financial Year (Apr - Mar), 1979","CottonLint","77","160","81.3"
"India","Financial Year (Apr - Mar), 1979","Groundnut","58","805","71.7"
"India","Financial Year (Apr - Mar), 1979","Pulses","86","385","223"
"India","Financial Year (Apr - Mar), 1979","RapeseedMustard","14","411","34.7"
"India","Financial Year (Apr - Mar), 1979","RawJuteMesta","80","1177","12.2"
"India","Financial Year (Apr - Mar), 1979","Rice","423","1074","394"
"India","Financial Year (Apr - Mar), 1979","Soyabean","3","568","5"
"India","Financial Year (Apr - Mar), 1979","Sugarcane","1288","49358","26.1"
"India","Financial Year (Apr - Mar), 1979","Tea","5440","1455","3.7"
"India","Financial Year (Apr - Mar), 1979","Tobacco","4","1031","4.3"
"India","Financial Year (Apr - Mar), 1979","Wheat","318","1436","222"
"India","Financial Year (Apr - Mar), 1980","CoarseCereals","290","695","418"
"India","Financial Year (Apr - Mar), 1980","Coffee","1187","624","1.9"
"India","Financial Year (Apr - Mar), 1980","CottonLint","70","152","78.2"
"India","Financial Year (Apr - Mar), 1980","Groundnut","50","736","68"
"India","Financial Year (Apr - Mar), 1980","Pulses","106","473","225"
"India","Financial Year (Apr - Mar), 1980","RapeseedMustard","23","560","41.1"
"India","Financial Year (Apr - Mar), 1980","RawJuteMesta","82","1130","13"
"India","Financial Year (Apr - Mar), 1980","Rice","536","1336","402"
"India","Financial Year (Apr - Mar), 1980","Soyabean","4","728","6.1"
"India","Financial Year (Apr - Mar), 1980","Sugarcane","1543","57844","26.7"
"India","Financial Year (Apr - Mar), 1980","Tea","5696","1491","3.8"
"India","Financial Year (Apr - Mar), 1980","Tobacco","5","1065","4.5"
"India","Financial Year (Apr - Mar), 1980","Wheat","363","1630","223"
"India","Financial Year (Apr - Mar), 1981","CoarseCereals","311","733","425"
"India","Financial Year (Apr - Mar), 1981","Coffee","1521","785","1.9"
"India","Financial Year (Apr - Mar), 1981","CottonLint","79","166","80.6"
"India","Financial Year (Apr - Mar), 1981","Groundnut","72","972","74.3"
"India","Financial Year (Apr - Mar), 1981","Pulses","115","483","238"
"India","Financial Year (Apr - Mar), 1981","RapeseedMustard","24","541","44"
"India","Financial Year (Apr - Mar), 1981","RawJuteMesta","84","1311","11.5"
"India","Financial Year (Apr - Mar), 1981","Rice","533","1308","407"
"India","Financial Year (Apr - Mar), 1981","Soyabean","4","741","4.8"
"India","Financial Year (Apr - Mar), 1981","Sugarcane","1864","58359","31.9"
"India","Financial Year (Apr - Mar), 1981","Tea","5604","1461","3.8"
"India","Financial Year (Apr - Mar), 1981","Tobacco","5","1172","4.4"
"India","Financial Year (Apr - Mar), 1981","Wheat","375","1691","221"
"India","Financial Year (Apr - Mar), 1982","CoarseCereals","278","685","404"
"India","Financial Year (Apr - Mar), 1982","Coffee","1300","646","2.1"
"India","Financial Year (Apr - Mar), 1982","CottonLint","75","163","78.7"
"India","Financial Year (Apr - Mar), 1982","Groundnut","53","732","72.2"
"India","Financial Year (Apr - Mar), 1982","Pulses","119","519","228"
"India","Financial Year (Apr - Mar), 1982","RapeseedMustard","22","577","38.3"
"India","Financial Year (Apr - Mar), 1982","RawJuteMesta","72","1265","10.2"
"India","Financial Year (Apr - Mar), 1982","Rice","471","1231","383"
"India","Financial Year (Apr - Mar), 1982","Soyabean","5","637","7.7"
"India","Financial Year (Apr - Mar), 1982","Sugarcane","1895","56441","33.6"
"India","Financial Year (Apr - Mar), 1982","Tea","5607","1422","3.9"
"India","Financial Year (Apr - Mar), 1982","Tobacco","6","1157","5"
"India","Financial Year (Apr - Mar), 1982","Wheat","428","1816","236"
"India","Financial Year (Apr - Mar), 1983","CoarseCereals","339","813","417"
"India","Financial Year (Apr - Mar), 1983","Coffee","1050","507","2.1"
"India","Financial Year (Apr - Mar), 1983","CottonLint","64","141","77.2"
"India","Financial Year (Apr - Mar), 1983","Groundnut","71","940","75.4"
"India","Financial Year (Apr - Mar), 1983","Pulses","129","548","235"
"India","Financial Year (Apr - Mar), 1983","RapeseedMustard","26","673","38.7"
"India","Financial Year (Apr - Mar), 1983","RawJuteMesta","77","1320","10.5"
"India","Financial Year (Apr - Mar), 1983","Rice","601","1457","412"
"India","Financial Year (Apr - Mar), 1983","Soyabean","6","735","8.4"
"India","Financial Year (Apr - Mar), 1983","Sugarcane","1741","55978","31.1"
"India","Financial Year (Apr - Mar), 1983","Tea","5815","1468","4"
"India","Financial Year (Apr - Mar), 1983","Tobacco","5","1120","4.4"
"India","Financial Year (Apr - Mar), 1983","Wheat","455","1843","247"
"India","Financial Year (Apr - Mar), 1984","CoarseCereals","312","795","392"
"India","Financial Year (Apr - Mar), 1984","Coffee","1951","936","2.1"
"India","Financial Year (Apr - Mar), 1984","CottonLint","85","196","73.8"
"India","Financial Year (Apr - Mar), 1984","Groundnut","64","898","71.7"
"India","Financial Year (Apr - Mar), 1984","Pulses","120","526","227"
"India","Financial Year (Apr - Mar), 1984","RapeseedMustard","31","771","39.9"
"India","Financial Year (Apr - Mar), 1984","RawJuteMesta","78","1242","11.3"
"India","Financial Year (Apr - Mar), 1984","Rice","583","1417","412"
"India","Financial Year (Apr - Mar), 1984","Soyabean","10","768","12.4"
"India","Financial Year (Apr - Mar), 1984","Sugarcane","1703","57673","29.5"
"India","Financial Year (Apr - Mar), 1984","Tea","6399","1606","4"
"India","Financial Year (Apr - Mar), 1984","Tobacco","5","1113","4.4"
"India","Financial Year (Apr - Mar), 1984","Wheat","441","1870","236"
"India","Financial Year (Apr - Mar), 1985","CoarseCereals","262","664","395"
"India","Financial Year (Apr - Mar), 1985","Coffee","1225","571","2.1"
"India","Financial Year (Apr - Mar), 1985","CottonLint","87","197","75.3"
"India","Financial Year (Apr - Mar), 1985","Groundnut","51","719","71.2"
"India","Financial Year (Apr - Mar), 1985","Pulses","134","547","244"
"India","Financial Year (Apr - Mar), 1985","RapeseedMustard","27","674","39.8"
"India","Financial Year (Apr - Mar), 1985","RawJuteMesta","127","1524","15"
"India","Financial Year (Apr - Mar), 1985","Rice","638","1552","411"
"India","Financial Year (Apr - Mar), 1985","Soyabean","10","764","13.4"
"India","Financial Year (Apr - Mar), 1985","Sugarcane","1707","59889","28.5"
"India","Financial Year (Apr - Mar), 1985","Tea","6562","1641","4"
"India","Financial Year (Apr - Mar), 1985","Tobacco","4","1111","4"
"India","Financial Year (Apr - Mar), 1985","Wheat","471","2046","230"
"India","Financial Year (Apr - Mar), 1986","CoarseCereals","268","675","397"
"India","Financial Year (Apr - Mar), 1986","Coffee","1921","891","2.2"
"India","Financial Year (Apr - Mar), 1986","CottonLint","69","169","69.5"
"India","Financial Year (Apr - Mar), 1986","Groundnut","59","841","69.8"
"India","Financial Year (Apr - Mar), 1986","Pulses","117","506","232"
"India","Financial Year (Apr - Mar), 1986","RapeseedMustard","26","700","37.2"
"India","Financial Year (Apr - Mar), 1986","RawJuteMesta","86","1454","10.7"
"India","Financial Year (Apr - Mar), 1986","Rice","606","1471","412"
"India","Financial Year (Apr - Mar), 1986","Soyabean","9","584","15.3"
"India","Financial Year (Apr - Mar), 1986","Sugarcane","1861","60444","30.8"
"India","Financial Year (Apr - Mar), 1986","Tea","6246","1508","4.1"
"India","Financial Year (Apr - Mar), 1986","Tobacco","5","1187","3.9"
"India","Financial Year (Apr - Mar), 1986","Wheat","443","1916","231"
"India","Financial Year (Apr - Mar), 1987","CoarseCereals","264","721","366"
"India","Financial Year (Apr - Mar), 1987","Coffee","1227","563","2.2"
"India","Financial Year (Apr - Mar), 1987","CottonLint","64","168","64.6"
"India","Financial Year (Apr - Mar), 1987","Groundnut","59","855","68.4"
"India","Financial Year (Apr - Mar), 1987","Pulses","110","515","213"
"India","Financial Year (Apr - Mar), 1987","RapeseedMustard","35","748","46.2"
"India","Financial Year (Apr - Mar), 1987","RawJuteMesta","68","1274","9.6"
"India","Financial Year (Apr - Mar), 1987","Rice","569","1465","388"
"India","Financial Year (Apr - Mar), 1987","Soyabean","9","582","15.4"
"India","Financial Year (Apr - Mar), 1987","Sugarcane","1967","60006","32.8"
"India","Financial Year (Apr - Mar), 1987","Tea","6743","1628","4.1"
"India","Financial Year (Apr - Mar), 1987","Tobacco","4","1155","3.2"
"India","Financial Year (Apr - Mar), 1987","Wheat","462","2002","231"
"India","Financial Year (Apr - Mar), 1988","CoarseCereals","315","814","387"
"India","Financial Year (Apr - Mar), 1988","Coffee","2147","972","2.2"
"India","Financial Year (Apr - Mar), 1988","CottonLint","87","202","73.4"
"India","Financial Year (Apr - Mar), 1988","Groundnut","97","1132","85.3"
"India","Financial Year (Apr - Mar), 1988","Pulses","139","598","232"
"India","Financial Year (Apr - Mar), 1988","RapeseedMustard","44","906","48.3"
"India","Financial Year (Apr - Mar), 1988","RawJuteMesta","79","1540","9.2"
"India","Financial Year (Apr - Mar), 1988","Rice","705","1689","417"
"India","Financial Year (Apr - Mar), 1988","Soyabean","16","892","17.3"
"India","Financial Year (Apr - Mar), 1988","Sugarcane","2030","60992","33.3"
"India","Financial Year (Apr - Mar), 1988","Tea","7011","1693","4.1"
"India","Financial Year (Apr - Mar), 1988","Tobacco","5","1307","3.8"
"India","Financial Year (Apr - Mar), 1988","Wheat","541","2244","241"
"India","Financial Year (Apr - Mar), 1989","CoarseCereals","348","922","377"
"India","Financial Year (Apr - Mar), 1989","Coffee","1181","534","2.2"
"India","Financial Year (Apr - Mar), 1989","CottonLint","114","252","76.9"
"India","Financial Year (Apr - Mar), 1989","Groundnut","81","930","87.1"
"India","Financial Year (Apr - Mar), 1989","Pulses","129","549","234"
"India","Financial Year (Apr - Mar), 1989","RapeseedMustard","41","831","49.7"
"India","Financial Year (Apr - Mar), 1989","RawJuteMesta","83","1646","9.1"
"India","Financial Year (Apr - Mar), 1989","Rice","736","1745","422"
"India","Financial Year (Apr - Mar), 1989","Soyabean","18","801","22.5"
"India","Financial Year (Apr - Mar), 1989","Sugarcane","2256","65612","34.4"
"India","Financial Year (Apr - Mar), 1989","Tea","6841","1652","4.1"
"India","Financial Year (Apr - Mar), 1989","Tobacco","6","1335","4.1"
"India","Financial Year (Apr - Mar), 1989","Wheat","499","2121","235"
"India","Financial Year (Apr - Mar), 1990","CoarseCereals","327","900","363"
"India","Financial Year (Apr - Mar), 1990","Coffee","1697","759","2.2"
"India","Financial Year (Apr - Mar), 1990","CottonLint","98","225","74.4"
"India","Financial Year (Apr - Mar), 1990","Groundnut","75","904","83.1"
"India","Financial Year (Apr - Mar), 1990","Pulses","143","578","247"
"India","Financial Year (Apr - Mar), 1990","RapeseedMustard","52","904","57.8"
"India","Financial Year (Apr - Mar), 1990","RawJuteMesta","92","1634","10.2"
"India","Financial Year (Apr - Mar), 1990","Rice","743","1740","427"
"India","Financial Year (Apr - Mar), 1990","Soyabean","26","1015","25.6"
"India","Financial Year (Apr - Mar), 1990","Sugarcane","2411","65395","36.9"
"India","Financial Year (Apr - Mar), 1990","Tea","7203","1727","4.2"
"India","Financial Year (Apr - Mar), 1990","Tobacco","6","1353","4.1"
"India","Financial Year (Apr - Mar), 1990","Wheat","551","2281","242"
"India","Financial Year (Apr - Mar), 1991","CoarseCereals","260","778","334"
"India","Financial Year (Apr - Mar), 1991","Coffee","1800","805","2.2"
"India","Financial Year (Apr - Mar), 1991","CottonLint","97","216","76.6"
"India","Financial Year (Apr - Mar), 1991","Groundnut","71","818","86.7"
"India","Financial Year (Apr - Mar), 1991","Pulses","120","533","225"
"India","Financial Year (Apr - Mar), 1991","RapeseedMustard","59","895","65.5"
"India","Financial Year (Apr - Mar), 1991","RawJuteMesta","103","1662","11.1"
"India","Financial Year (Apr - Mar), 1991","Rice","747","1751","427"
"India","Financial Year (Apr - Mar), 1991","Soyabean","25","782","31.8"
"India","Financial Year (Apr - Mar), 1991","Sugarcane","2540","66069","38.4"
"India","Financial Year (Apr - Mar), 1991","Tea","7542","1800","4.2"
"India","Financial Year (Apr - Mar), 1991","Tobacco","6","1369","4.3"
"India","Financial Year (Apr - Mar), 1991","Wheat","557","2394","233"
"India","Financial Year (Apr - Mar), 1992","CoarseCereals","366","1063","344"
"India","Financial Year (Apr - Mar), 1992","Coffee","1694","758","2.2"
"India","Financial Year (Apr - Mar), 1992","CottonLint","114","257","75.4"
"India","Financial Year (Apr - Mar), 1992","Groundnut","86","1049","81.7"
"India","Financial Year (Apr - Mar), 1992","Pulses","128","573","224"
"India","Financial Year (Apr - Mar), 1992","RapeseedMustard","48","776","61.9"
"India","Financial Year (Apr - Mar), 1992","RawJuteMesta","86","1658","9.3"
"India","Financial Year (Apr - Mar), 1992","Rice","729","1744","418"
"India","Financial Year (Apr - Mar), 1992","Soyabean","34","894","37.9"
"India","Financial Year (Apr - Mar), 1992","Sugarcane","2280","63843","35.7"
"India","Financial Year (Apr - Mar), 1992","Tea","7039","1664","4.2"
"India","Financial Year (Apr - Mar), 1992","Tobacco","6","1425","4.2"
"India","Financial Year (Apr - Mar), 1992","Wheat","572","2327","246"
"India","Financial Year (Apr - Mar), 1993","CoarseCereals","308","939","328"
"India","Financial Year (Apr - Mar), 1993","Coffee","2121","936","2.3"
"India","Financial Year (Apr - Mar), 1993","CottonLint","107","249","73.2"
"India","Financial Year (Apr - Mar), 1993","Groundnut","78","941","83.2"
"India","Financial Year (Apr - Mar), 1993","Pulses","133","598","223"
"India","Financial Year (Apr - Mar), 1993","RapeseedMustard","53","847","62.9"
"India","Financial Year (Apr - Mar), 1993","RawJuteMesta","84","1713","8.9"
"India","Financial Year (Apr - Mar), 1993","Rice","803","1888","425"
"India","Financial Year (Apr - Mar), 1993","Soyabean","48","1086","43.7"
"India","Financial Year (Apr - Mar), 1993","Sugarcane","2297","67120","34.2"
"India","Financial Year (Apr - Mar), 1993","Tea","7608","1796","4.2"
"India","Financial Year (Apr - Mar), 1993","Tobacco","6","1463","3.8"
"India","Financial Year (Apr - Mar), 1993","Wheat","598","2380","252"
"India","Financial Year (Apr - Mar), 1994","CoarseCereals","299","929","322"
"India","Financial Year (Apr - Mar), 1994","Coffee","1801","788","2.3"
"India","Financial Year (Apr - Mar), 1994","CottonLint","119","257","78.7"
"India","Financial Year (Apr - Mar), 1994","Groundnut","81","1027","78.5"
"India","Financial Year (Apr - Mar), 1994","Pulses","140","610","230"
"India","Financial Year (Apr - Mar), 1994","RapeseedMustard","58","958","60.1"
"India","Financial Year (Apr - Mar), 1994","RawJuteMesta","91","1760","9.3"
"India","Financial Year (Apr - Mar), 1994","Rice","818","1911","428"
"India","Financial Year (Apr - Mar), 1994","Soyabean","39","911","43.2"
"India","Financial Year (Apr - Mar), 1994","Sugarcane","2755","71254","38.7"
"India","Financial Year (Apr - Mar), 1994","Tea","7529","1767","4.3"
"India","Financial Year (Apr - Mar), 1994","Tobacco","6","1486","3.8"
"India","Financial Year (Apr - Mar), 1994","Wheat","658","2559","257"
"India","Financial Year (Apr - Mar), 1995","CoarseCereals","290","940","309"
"India","Financial Year (Apr - Mar), 1995","Coffee","2230","921","2.4"
"India","Financial Year (Apr - Mar), 1995","CottonLint","129","242","90.4"
"India","Financial Year (Apr - Mar), 1995","Groundnut","76","1007","75.2"
"India","Financial Year (Apr - Mar), 1995","Pulses","123","552","223"
"India","Financial Year (Apr - Mar), 1995","RapeseedMustard","60","916","65.5"
"India","Financial Year (Apr - Mar), 1995","RawJuteMesta","88","1712","9.3"
"India","Financial Year (Apr - Mar), 1995","Rice","770","1797","428"
"India","Financial Year (Apr - Mar), 1995","Soyabean","51","1012","50.4"
"India","Financial Year (Apr - Mar), 1995","Sugarcane","2811","67787","41.5"
"India","Financial Year (Apr - Mar), 1995","Tea","7560","1770","4.3"
"India","Financial Year (Apr - Mar), 1995","Tobacco","5","1356","3.9"
"India","Financial Year (Apr - Mar), 1995","Wheat","621","2483","250"
"India","Financial Year (Apr - Mar), 1996","CoarseCereals","341","1072","318"
"India","Financial Year (Apr - Mar), 1996","Coffee","2050","816","2.5"
"India","Financial Year (Apr - Mar), 1996","CottonLint","142","265","91.2"
"India","Financial Year (Apr - Mar), 1996","Groundnut","86","1138","76"
"India","Financial Year (Apr - Mar), 1996","Pulses","142","635","225"
"India","Financial Year (Apr - Mar), 1996","RapeseedMustard","67","1017","65.5"
"India","Financial Year (Apr - Mar), 1996","RawJuteMesta","111","1818","11"
"India","Financial Year (Apr - Mar), 1996","Rice","817","1882","434"
"India","Financial Year (Apr - Mar), 1996","Soyabean","54","987","54.5"
"India","Financial Year (Apr - Mar), 1996","Sugarcane","2776","66496","41.7"
"India","Financial Year (Apr - Mar), 1996","Tea","7801","1809","4.3"
"India","Financial Year (Apr - Mar), 1996","Tobacco","6","1444","4.3"
"India","Financial Year (Apr - Mar), 1996","Wheat","694","2679","259"
"India","Financial Year (Apr - Mar), 1997","CoarseCereals","304","986","308"
"India","Financial Year (Apr - Mar), 1997","Coffee","2283","799","2.9"
"India","Financial Year (Apr - Mar), 1997","CottonLint","109","208","88.7"
"India","Financial Year (Apr - Mar), 1997","Groundnut","74","1040","70.9"
"India","Financial Year (Apr - Mar), 1997","Pulses","138","567","229"
"India","Financial Year (Apr - Mar), 1997","RapeseedMustard","47","668","70.4"
"India","Financial Year (Apr - Mar), 1997","RawJuteMesta","110","1792","11.1"
"India","Financial Year (Apr - Mar), 1997","Rice","825","1900","435"
"India","Financial Year (Apr - Mar), 1997","Soyabean","65","1079","59.9"
"India","Financial Year (Apr - Mar), 1997","Sugarcane","2795","71134","39.3"
"India","Financial Year (Apr - Mar), 1997","Tea","8356","1924","4.3"
"India","Financial Year (Apr - Mar), 1997","Tobacco","6","1394","4.6"
"India","Financial Year (Apr - Mar), 1997","Wheat","664","2485","267"
"India","Financial Year (Apr - Mar), 1998","CoarseCereals","313","1068","293"
"India","Financial Year (Apr - Mar), 1998","Coffee","2650","877","3"
"India","Financial Year (Apr - Mar), 1998","CottonLint","123","224","93.4"
"India","Financial Year (Apr - Mar), 1998","Groundnut","90","1214","74"
"India","Financial Year (Apr - Mar), 1998","Pulses","149","634","235"
"India","Financial Year (Apr - Mar), 1998","RapeseedMustard","57","869","65.1"
"India","Financial Year (Apr - Mar), 1998","RawJuteMesta","98","1722","10.3"
"India","Financial Year (Apr - Mar), 1998","Rice","861","1921","448"
"India","Financial Year (Apr - Mar), 1998","Soyabean","71","1100","64.9"
"India","Financial Year (Apr - Mar), 1998","Sugarcane","2887","71203","40.5"
"India","Financial Year (Apr - Mar), 1998","Tea","8552","1804","4.7"
"India","Financial Year (Apr - Mar), 1998","Tobacco","7","1451","5.1"
"India","Financial Year (Apr - Mar), 1998","Wheat","713","2590","275"
"India","Financial Year (Apr - Mar), 1999","CoarseCereals","303","1034","293"
"India","Financial Year (Apr - Mar), 1999","Coffee","2920","947","3.1"
"India","Financial Year (Apr - Mar), 1999","CottonLint","115","225","87.1"
"India","Financial Year (Apr - Mar), 1999","Groundnut","53","766","68.7"
"India","Financial Year (Apr - Mar), 1999","Pulses","134","635","211"
"India","Financial Year (Apr - Mar), 1999","RapeseedMustard","58","960","60.3"
"India","Financial Year (Apr - Mar), 1999","RawJuteMesta","106","1836","10.4"
"India","Financial Year (Apr - Mar), 1999","Rice","897","1986","452"
"India","Financial Year (Apr - Mar), 1999","Soyabean","71","1138","62.2"
"India","Financial Year (Apr - Mar), 1999","Sugarcane","2993","70935","42.2"
"India","Financial Year (Apr - Mar), 1999","Tea","8369","1707","4.9"
"India","Financial Year (Apr - Mar), 1999","Tobacco","5","1211","4.3"
"India","Financial Year (Apr - Mar), 1999","Wheat","764","2778","275"
"India","Financial Year (Apr - Mar), 2000","CoarseCereals","311","1027","303"
"India","Financial Year (Apr - Mar), 2000","Coffee","3012","959","3.1"
"India","Financial Year (Apr - Mar), 2000","CottonLint","95","190","85.3"
"India","Financial Year (Apr - Mar), 2000","Groundnut","64","977","65.6"
"India","Financial Year (Apr - Mar), 2000","Pulses","111","544","204"
"India","Financial Year (Apr - Mar), 2000","RapeseedMustard","42","935","44.8"
"India","Financial Year (Apr - Mar), 2000","RawJuteMesta","106","1867","10.2"
"India","Financial Year (Apr - Mar), 2000","Rice","850","1901","447"
"India","Financial Year (Apr - Mar), 2000","Soyabean","53","822","64.2"
"India","Financial Year (Apr - Mar), 2000","Sugarcane","2960","68577","43.2"
"India","Financial Year (Apr - Mar), 2000","Tea","8484","1682","5"
"India","Financial Year (Apr - Mar), 2000","Tobacco","3","1318","2.6"
"India","Financial Year (Apr - Mar), 2000","Wheat","697","2708","257"
"India","Financial Year (Apr - Mar), 2001","CoarseCereals","334","1131","295"
"India","Financial Year (Apr - Mar), 2001","Coffee","3006","937","3.2"
"India","Financial Year (Apr - Mar), 2001","CottonLint","100","186","91.3"
"India","Financial Year (Apr - Mar), 2001","Groundnut","70","1127","62.4"
"India","Financial Year (Apr - Mar), 2001","Pulses","134","607","220"
"India","Financial Year (Apr - Mar), 2001","RapeseedMustard","51","1002","50.7"
"India","Financial Year (Apr - Mar), 2001","RawJuteMesta","117","2007","10.5"
"India","Financial Year (Apr - Mar), 2001","Rice","933","2079","449"
"India","Financial Year (Apr - Mar), 2001","Soyabean","60","940","63.4"
"India","Financial Year (Apr - Mar), 2001","Sugarcane","2972","67370","44.1"
"India","Financial Year (Apr - Mar), 2001","Tea","8514","1670","5.1"
"India","Financial Year (Apr - Mar), 2001","Tobacco","6","1565","3.5"
"India","Financial Year (Apr - Mar), 2001","Wheat","728","2762","263"
"India","Financial Year (Apr - Mar), 2002","CoarseCereals","261","966","270"
"India","Financial Year (Apr - Mar), 2002","Coffee","2753","839","3.3"
"India","Financial Year (Apr - Mar), 2002","CottonLint","86","191","76.7"
"India","Financial Year (Apr - Mar), 2002","Groundnut","41","694","59.4"
"India","Financial Year (Apr - Mar), 2002","Pulses","111","543","205"
"India","Financial Year (Apr - Mar), 2002","RapeseedMustard","39","854","45.4"
"India","Financial Year (Apr - Mar), 2002","RawJuteMesta","113","1960","10.4"
"India","Financial Year (Apr - Mar), 2002","Rice","718","1744","412"
"India","Financial Year (Apr - Mar), 2002","Soyabean","47","762","61.1"
"India","Financial Year (Apr - Mar), 2002","Sugarcane","2874","63576","45.2"
"India","Financial Year (Apr - Mar), 2002","Tea","8460","1640","5.2"
"India","Financial Year (Apr - Mar), 2002","Tobacco","5","1506","3.3"
"India","Financial Year (Apr - Mar), 2002","Wheat","658","2610","252"
"India","Financial Year (Apr - Mar), 2003","CoarseCereals","376","1221","308"
"India","Financial Year (Apr - Mar), 2003","Coffee","2705","831","3.3"
"India","Financial Year (Apr - Mar), 2003","CottonLint","137","307","76"
"India","Financial Year (Apr - Mar), 2003","Groundnut","81","1357","59.9"
"India","Financial Year (Apr - Mar), 2003","Pulses","149","635","235"
"India","Financial Year (Apr - Mar), 2003","RapeseedMustard","63","1159","54.3"
"India","Financial Year (Apr - Mar), 2003","RawJuteMesta","112","2008","10"
"India","Financial Year (Apr - Mar), 2003","Rice","885","2077","426"
"India","Financial Year (Apr - Mar), 2003","Soyabean","78","1193","65.6"
"India","Financial Year (Apr - Mar), 2003","Sugarcane","2339","59380","39.3"
"India","Financial Year (Apr - Mar), 2003","Tea","8787","1691","5.2"
"India","Financial Year (Apr - Mar), 2003","Tobacco","6","1486","3.7"
"India","Financial Year (Apr - Mar), 2003","Wheat","722","2713","266"
"India","Financial Year (Apr - Mar), 2004","CoarseCereals","335","1153","290"
"India","Financial Year (Apr - Mar), 2004","Coffee","2755","826","3.3"
"India","Financial Year (Apr - Mar), 2004","CottonLint","164","318","87.9"
"India","Financial Year (Apr - Mar), 2004","Groundnut","68","1020","66.4"
"India","Financial Year (Apr - Mar), 2004","Pulses","131","577","228"
"India","Financial Year (Apr - Mar), 2004","RapeseedMustard","76","1038","73.2"
"India","Financial Year (Apr - Mar), 2004","RawJuteMesta","103","2019","9.2"
"India","Financial Year (Apr - Mar), 2004","Rice","831","1984","419"
"India","Financial Year (Apr - Mar), 2004","Soyabean","69","908","75.7"
"India","Financial Year (Apr - Mar), 2004","Sugarcane","2371","64752","36.6"
"India","Financial Year (Apr - Mar), 2004","Tea","9068","1739","5.2"
"India","Financial Year (Apr - Mar), 2004","Tobacco","6","1498","3.7"
"India","Financial Year (Apr - Mar), 2004","Wheat","686","2602","264"
"India","Financial Year (Apr - Mar), 2005","CoarseCereals","341","1172","291"
"India","Financial Year (Apr - Mar), 2005","Coffee","2740","803","3.8"
"India","Financial Year (Apr - Mar), 2005","CottonLint","185","362","86.8"
"India","Financial Year (Apr - Mar), 2005","Groundnut","80","1187","67.4"
"India","Financial Year (Apr - Mar), 2005","Pulses","134","598","224"
"India","Financial Year (Apr - Mar), 2005","RapeseedMustard","81","1117","72.8"
"India","Financial Year (Apr - Mar), 2005","RawJuteMesta","108","2173","9"
"India","Financial Year (Apr - Mar), 2005","Rice","918","2102","437"
"India","Financial Year (Apr - Mar), 2005","Soyabean","83","1073","77.1"
"India","Financial Year (Apr - Mar), 2005","Sugarcane","2812","66919","42"
"India","Financial Year (Apr - Mar), 2005","Tea","9489","1708","5.6"
"India","Financial Year (Apr - Mar), 2005","Tobacco","5","1351","3.7"
"India","Financial Year (Apr - Mar), 2005","Wheat","694","2619","265"
"India","Financial Year (Apr - Mar), 2006","CoarseCereals","339","1182","287"
"India","Financial Year (Apr - Mar), 2006","Coffee","2880","840","3.8"
"India","Financial Year (Apr - Mar), 2006","CottonLint","226","421","91.4"
"India","Financial Year (Apr - Mar), 2006","Groundnut","49","866","56.2"
"India","Financial Year (Apr - Mar), 2006","Pulses","142","612","232"
"India","Financial Year (Apr - Mar), 2006","RapeseedMustard","74","1095","67.9"
"India","Financial Year (Apr - Mar), 2006","RawJuteMesta","113","2170","9.4"
"India","Financial Year (Apr - Mar), 2006","Rice","934","2131","438"
"India","Financial Year (Apr - Mar), 2006","Soyabean","89","1063","83.3"
"India","Financial Year (Apr - Mar), 2006","Sugarcane","3555","69022","51.5"
"India","Financial Year (Apr - Mar), 2006","Tea","9731","1716","5.7"
"India","Financial Year (Apr - Mar), 2006","Tobacco","5","1274","3.7"
"India","Financial Year (Apr - Mar), 2006","Wheat","758","2708","280"
"India","Financial Year (Apr - Mar), 2007","CoarseCereals","408","1431","285"
"India","Financial Year (Apr - Mar), 2007","Coffee","2620","761","3.9"
"India","Financial Year (Apr - Mar), 2007","CottonLint","259","467","94.1"
"India","Financial Year (Apr - Mar), 2007","Groundnut","92","1459","62.9"
"India","Financial Year (Apr - Mar), 2007","Pulses","148","625","236"
"India","Financial Year (Apr - Mar), 2007","RapeseedMustard","58","1001","58.3"
"India","Financial Year (Apr - Mar), 2007","RawJuteMesta","112","2101","9.6"
"India","Financial Year (Apr - Mar), 2007","Rice","967","2202","439"
"India","Financial Year (Apr - Mar), 2007","Soyabean","110","1235","88.8"
"India","Financial Year (Apr - Mar), 2007","Sugarcane","3482","68877","50.6"
"India","Financial Year (Apr - Mar), 2007","Tea","9870","1706","5.8"
"India","Financial Year (Apr - Mar), 2007","Tobacco","4","1255","3.5"
"India","Financial Year (Apr - Mar), 2007","Wheat","786","2802","280"
"India","Financial Year (Apr - Mar), 2008","CoarseCereals","400","1459","275"
"India","Financial Year (Apr - Mar), 2008","Coffee","2623","748","3.9"
"India","Financial Year (Apr - Mar), 2008","CottonLint","223","403","94.1"
"India","Financial Year (Apr - Mar), 2008","Groundnut","72","1163","61.6"
"India","Financial Year (Apr - Mar), 2008","Pulses","146","659","221"
"India","Financial Year (Apr - Mar), 2008","RapeseedMustard","72","1143","63"
"India","Financial Year (Apr - Mar), 2008","RawJuteMesta","104","2071","9"
"India","Financial Year (Apr - Mar), 2008","Rice","992","2178","455"
"India","Financial Year (Apr - Mar), 2008","Soyabean","99","1041","95.1"
"India","Financial Year (Apr - Mar), 2008","Sugarcane","2850","64553","44.2"
"India","Financial Year (Apr - Mar), 2008","Tea","9728","1679","5.8"
"India","Financial Year (Apr - Mar), 2008","Tobacco","6","1456","3.9"
"India","Financial Year (Apr - Mar), 2008","Wheat","807","2907","278"
"India","Financial Year (Apr - Mar), 2009","CoarseCereals","336","1212","277"
"India","Financial Year (Apr - Mar), 2009","Coffee","2896","815","4"
"India","Financial Year (Apr - Mar), 2009","CottonLint","240","403","101.3"
"India","Financial Year (Apr - Mar), 2009","Groundnut","54","991","54.8"
"India","Financial Year (Apr - Mar), 2009","Pulses","147","630","233"
"India","Financial Year (Apr - Mar), 2009","RapeseedMustard","66","1183","55.9"
"India","Financial Year (Apr - Mar), 2009","RawJuteMesta","118","2349","9.1"
"India","Financial Year (Apr - Mar), 2009","Rice","891","2125","419"
"India","Financial Year (Apr - Mar), 2009","Soyabean","100","1024","97.3"
"India","Financial Year (Apr - Mar), 2009","Sugarcane","2923","70020","41.8"
"India","Financial Year (Apr - Mar), 2009","Tea","9912","1711","5.8"
"India","Financial Year (Apr - Mar), 2009","Tobacco","7","1559","4.4"
"India","Financial Year (Apr - Mar), 2009","Wheat","808","2839","285"
"India","Financial Year (Apr - Mar), 2010","CoarseCereals","434","1531","283"
"India","Financial Year (Apr - Mar), 2010","Coffee","3020","838","4"
"India","Financial Year (Apr - Mar), 2010","CottonLint","330","499","112.4"
"India","Financial Year (Apr - Mar), 2010","Groundnut","83","1411","58.6"
"India","Financial Year (Apr - Mar), 2010","Pulses","182","691","264"
"India","Financial Year (Apr - Mar), 2010","RapeseedMustard","82","1185","69"
"India","Financial Year (Apr - Mar), 2010","RawJuteMesta","106","2192","8.7"
"India","Financial Year (Apr - Mar), 2010","Rice","960","2239","429"
"India","Financial Year (Apr - Mar), 2010","Soyabean","127","1327","96"
"India","Financial Year (Apr - Mar), 2010","Sugarcane","3424","70091","48.8"
"India","Financial Year (Apr - Mar), 2010","Tea","9667","1726","5.6"
"India","Financial Year (Apr - Mar), 2010","Tobacco","9","1794","4.9"
"India","Financial Year (Apr - Mar), 2010","Wheat","869","2988","291"
"India","Financial Year (Apr - Mar), 2011","CoarseCereals","420","1590","264"
"India","Financial Year (Apr - Mar), 2011","Coffee","3140","852","4.1"
"India","Financial Year (Apr - Mar), 2011","CottonLint","352","491","121.8"
"India","Financial Year (Apr - Mar), 2011","Groundnut","70","1323","52.6"
"India","Financial Year (Apr - Mar), 2011","Pulses","171","699","245"
"India","Financial Year (Apr - Mar), 2011","RapeseedMustard","66","1121","58.9"
"India","Financial Year (Apr - Mar), 2011","RawJuteMesta","114","2283","9"
"India","Financial Year (Apr - Mar), 2011","Rice","1053","2393","440"
"India","Financial Year (Apr - Mar), 2011","Soyabean","122","1208","101.1"
"India","Financial Year (Apr - Mar), 2011","Sugarcane","3610","71668","50.4"
"India","Financial Year (Apr - Mar), 2011","Tea","10955","1956","5.6"
"India","Financial Year (Apr - Mar), 2011","Tobacco","8","1613","4.6"
"India","Financial Year (Apr - Mar), 2011","Wheat","949","3177","299"
"India","Financial Year (Apr - Mar), 2012","CoarseCereals","400","1617","248"
"India","Financial Year (Apr - Mar), 2012","Coffee","3182","846","4.1"
"India","Financial Year (Apr - Mar), 2012","CottonLint","342","486","119.8"
"India","Financial Year (Apr - Mar), 2012","Groundnut","47","996","47.2"
"India","Financial Year (Apr - Mar), 2012","Pulses","183","789","233"
"India","Financial Year (Apr - Mar), 2012","RapeseedMustard","80","1262","63.6"
"India","Financial Year (Apr - Mar), 2012","RawJuteMesta","109","2281","8.7"
"India","Financial Year (Apr - Mar), 2012","Rice","1052","2461","428"
"India","Financial Year (Apr - Mar), 2012","Soyabean","147","1354","108.4"
"India","Financial Year (Apr - Mar), 2012","Sugarcane","3412","68254","50"
"India","Financial Year (Apr - Mar), 2012","Tea","11351","2027","5.6"
"India","Financial Year (Apr - Mar), 2012","Tobacco","7","1542","4.3"
"India","Financial Year (Apr - Mar), 2012","Wheat","935","3117","300"
"India","Financial Year (Apr - Mar), 2013","CoarseCereals","433","1677","257"
"India","Financial Year (Apr - Mar), 2013","Coffee","3045","799","4.2"
"India","Financial Year (Apr - Mar), 2013","CottonLint","359","532","116.9"
"India","Financial Year (Apr - Mar), 2013","Groundnut","97","1750","55.3"
"India","Financial Year (Apr - Mar), 2013","Pulses","193","764","252"
"India","Financial Year (Apr - Mar), 2013","RapeseedMustard","79","1188","67"
"India","Financial Year (Apr - Mar), 2013","RawJuteMesta","117","2449","8.5"
"India","Financial Year (Apr - Mar), 2013","Rice","1067","2424","440"
"India","Financial Year (Apr - Mar), 2013","Soyabean","119","983","122"
"India","Financial Year (Apr - Mar), 2013","Sugarcane","3521","69839","50.1"
"India","Financial Year (Apr - Mar), 2013","Tea","12088","2121","5.7"
"India","Financial Year (Apr - Mar), 2013","Tobacco","7","1612.38","5"
"India","Financial Year (Apr - Mar), 2013","Wheat","959","3075","312"
"India","Financial Year (Apr - Mar), 2014","CoarseCereals","429","1729","242"
"India","Financial Year (Apr - Mar), 2014","Coffee","3270","847","4.2"
"India","Financial Year (Apr - Mar), 2014","CottonLint","348","461","130.8"
"India","Financial Year (Apr - Mar), 2014","Groundnut","74","1400","46.9"
"India","Financial Year (Apr - Mar), 2014","Pulses","172","744","231"
"India","Financial Year (Apr - Mar), 2014","RapeseedMustard","63","1089","57.9"
"India","Financial Year (Apr - Mar), 2014","RawJuteMesta","111","2550","8.1"
"India","Financial Year (Apr - Mar), 2014","Rice","1055","2390","439"
"India","Financial Year (Apr - Mar), 2014","Soyabean","104","950","110.9"
"India","Financial Year (Apr - Mar), 2014","Sugarcane","3623","69859","51.4"
"India","Financial Year (Apr - Mar), 2014","Tea","11972","2113","5.7"
"India","Financial Year (Apr - Mar), 2014","Tobacco","9","1830","5"
"India","Financial Year (Apr - Mar), 2014","Wheat","865","2872","310"
"India","Financial Year (Apr - Mar), 2015","CoarseCereals","385","1579","244"
"India","Financial Year (Apr - Mar), 2015","Coffee","3480","876","4.3"
"India","Financial Year (Apr - Mar), 2015","CottonLint","300","415","122.9"
"India","Financial Year (Apr - Mar), 2015","Groundnut","67","1465","45.9"
"India","Financial Year (Apr - Mar), 2015","Pulses","164","656","249"
"India","Financial Year (Apr - Mar), 2015","RapeseedMustard","68","1183","57.4"
"India","Financial Year (Apr - Mar), 2015","RawJuteMesta","105","2421","7.8"
"India","Financial Year (Apr - Mar), 2015","Rice","1044","2400","435"
"India","Financial Year (Apr - Mar), 2015","Soyabean","86","738","116"
"India","Financial Year (Apr - Mar), 2015","Sugarcane","3484","70720","49.3"
"India","Financial Year (Apr - Mar), 2015","Tea","12331","2176","5.7"
"India","Financial Year (Apr - Mar), 2015","Tobacco","8","1781","5"
"India","Financial Year (Apr - Mar), 2015","Wheat","923","3034","304"
"India","Financial Year (Apr - Mar), 2016","CoarseCereals","438","1750","250"
"India","Financial Year (Apr - Mar), 2016","Coffee","3120","761","4.5"
"India","Financial Year (Apr - Mar), 2016","CottonLint","326","512","108.3"
"India","Financial Year (Apr - Mar), 2016","Groundnut","75","1398","53.4"
"India","Financial Year (Apr - Mar), 2016","Pulses","231","786","294"
"India","Financial Year (Apr - Mar), 2016","RapeseedMustard","79","1304","60.7"
"India","Financial Year (Apr - Mar), 2016","RawJuteMesta","110","2585","7.6"
"India","Financial Year (Apr - Mar), 2016","Rice","1097","2494","440"
"India","Financial Year (Apr - Mar), 2016","Soyabean","132","1177","111.8"
"India","Financial Year (Apr - Mar), 2016","Sugarcane","3061","69001","44.4"
"India","Financial Year (Apr - Mar), 2016","Tea","12505","2165","5.8"
"India","Financial Year (Apr - Mar), 2016","Tobacco","8","2016","4"
"India","Financial Year (Apr - Mar), 2016","Wheat","985","3200","308"
"India","Financial Year (Apr - Mar), 2017","CoarseCereals","470","1934","243"
"India","Financial Year (Apr - Mar), 2017","Coffee","3160","765","4.5"
"India","Financial Year (Apr - Mar), 2017","CottonLint","328","443","126"
"India","Financial Year (Apr - Mar), 2017","Groundnut","93","1893","49.2"
"India","Financial Year (Apr - Mar), 2017","Pulses","254","853","298"
"India","Financial Year (Apr - Mar), 2017","RapeseedMustard","84","1410","59.6"
"India","Financial Year (Apr - Mar), 2017","RawJuteMesta","100","2435","7.4"
"India","Financial Year (Apr - Mar), 2017","Rice","1128","2576","438"
"India","Financial Year (Apr - Mar), 2017","Soyabean","109","1058","103"
"India","Financial Year (Apr - Mar), 2017","Sugarcane","3799","80198","47.3"
"India","Financial Year (Apr - Mar), 2017","Tea","13251","2208","5.8"
"India","Financial Year (Apr - Mar), 2017","Tobacco","10","2317","4.1"
"India","Financial Year (Apr - Mar), 2017","Wheat","999","3368","297"
"India","Financial Year (Apr - Mar), 2018","CoarseCereals","431","1944","221"
"India","Financial Year (Apr - Mar), 2018","Coffee","3195","767","4.6"
"India","Financial Year (Apr - Mar), 2018","CottonLint","280","378","126.14"
"India","Financial Year (Apr - Mar), 2018","Groundnut","67","1422","47.31"
"India","Financial Year (Apr - Mar), 2018","Pulses","221","757","292"
"India","Financial Year (Apr - Mar), 2018","RapeseedMustard","93","1511","61.2"
"India","Financial Year (Apr - Mar), 2018","RawJuteMesta","98","2508","7.05"
"India","Financial Year (Apr - Mar), 2018","Rice","1165","2638","442"
"India","Financial Year (Apr - Mar), 2018","Soyabean","133","1192","111.3"
"India","Financial Year (Apr - Mar), 2018","Sugarcane","4054","80105","50.6"
"India","Financial Year (Apr - Mar), 2018","Tea","13500","2109","6.4"
"India","Financial Year (Apr - Mar), 2018","Tobacco","7","1610","4.1"
"India","Financial Year (Apr - Mar), 2018","Wheat","1036","3533","293"
"India","Financial Year (Apr - Mar), 2019","CoarseCereals","478","1991","240"
"India","Financial Year (Apr - Mar), 2019","Coffee","2980","713","4.6"
"India","Financial Year (Apr - Mar), 2019","CottonLint","361","454.93","134.8"
"India","Financial Year (Apr - Mar), 2019","Groundnut","100","2062.51","48.3"
"India","Financial Year (Apr - Mar), 2019","Pulses","230","823","280"
"India","Financial Year (Apr - Mar), 2019","RapeseedMustard","91","1330.7","68.6"
"India","Financial Year (Apr - Mar), 2019","RawJuteMesta","99","2640.55","6.7"
"India","Financial Year (Apr - Mar), 2019","Rice","1189","2722","437"
"India","Financial Year (Apr - Mar), 2019","Soyabean","112","920.7","121.9"
"India","Financial Year (Apr - Mar), 2019","Sugarcane","3705","80496.72","46"
"India","Financial Year (Apr - Mar), 2019","Tea","13608","2126.27","6.4"
"India","Financial Year (Apr - Mar), 2019","Tobacco","8","1982","4"
"India","Financial Year (Apr - Mar), 2019","Wheat","1079","3440","314"
"India","Financial Year (Apr - Mar), 2020","CoarseCereals","512","2146","238"
"India","Financial Year (Apr - Mar), 2020","Coffee","3538","790","4.7"
"India","Financial Year (Apr - Mar), 2020","CottonLint","354","462.46","130.1"
"India","Financial Year (Apr - Mar), 2020","Groundnut","102","1675.62","60.9"
"India","Financial Year (Apr - Mar), 2020","Pulses","257","892","288"
"India","Financial Year (Apr - Mar), 2020","RapeseedMustard","101","1511.16","66.9"
"India","Financial Year (Apr - Mar), 2020","RawJuteMesta","96","2594.89","6.6"
"India","Financial Year (Apr - Mar), 2020","Rice","1223","2713","451"
"India","Financial Year (Apr - Mar), 2020","Soyabean","129","1006.78","128.1"
"India","Financial Year (Apr - Mar), 2020","Sugarcane","3993","82205.14","48.6"
"India","Financial Year (Apr - Mar), 2020","Tea","12803","2004.73","6.4"
"India","Financial Year (Apr - Mar), 2020","Tobacco","","",""
"India","Financial Year (Apr - Mar), 2020","Wheat","1095","3464","316"
